title;body;rating;review_date;reviewer_name;reviewer_email;product_id;product_handle;reply;picture_urls
Excelente herramienta;La PaintPro ha transformado completamente mis proyectos de bricolaje. El acabado es profesional y la batería dura mucho. Totalmente recomendada.;5;2026-07-20 10:15:00 UTC;María García;lucaspie276@gmail.com;7985212129323;paintpro;;https://cdn.shopify.com/s/files/1/0696/9511/1211/files/Abab790b0b458489dae224d771d91f4daY_jpg_960x960q75_jpg.avif?v=1784822739
Muy satisfecha con la compra;Llevaba semanas buscando una pistola de pintura sin cables y esta supera todas mis expectativas. El control de flujo es increíble.;5;2026-07-19 14:30:00 UTC;Carlos Rodríguez;carlos.rodriguez@example.com;7985212129323;paintpro;;https://cdn.shopify.com/s/files/1/0696/9511/1211/files/Afb3a745433754b8087cfd7f1cb1536c0J_jpg_960x960q75_jpg.avif?v=1784822738
Perfecta para DIY;Como hacedora de bricolaje, esta pistola me ha facilitado mucho el trabajo. Pinta superficies grandes en tiempo récord.;5;2026-07-18 09:45:00 UTC;Laura Martínez;laura.martinez@example.com;7985212129323;paintpro;;https://cdn.shopify.com/s/files/1/0696/9511/1211/files/A2ba066b5131b45a08f8a82ac106c057bZ_jpg_220x220_jpg.avif?v=1784822738
Calidad premium;El acabado que da esta pistola es de nivel profesional. La recomiendo a todos los que quieran resultados perfectos.;5;2026-07-17 11:20:00 UTC;Ana Fernández;ana.fernandez@example.com;7985212129323;paintpro;;https://cdn.shopify.com/s/files/1/0696/9511/1211/files/A6bec6477cdb943bb902e5e2a2faaf3ca6_jpg_960x960q75_jpg.avif?v=1784822738
Sin cables, sin problemas;Lo mejor es no tener que estar enchufado. Puedo pintar cualquier rincón de la casa sin límites.;5;2026-07-16 16:00:00 UTC;Pedro Sánchez;pedro.sanchez@example.com;7985212129323;paintpro;;https://cdn.shopify.com/s/files/1/0696/9511/1211/files/Af9cd7f1a582a4cdbb22038f8b8a2b6f9w_jpg_960x960q75_jpg.avif?v=1784822738
Batería de larga duración;Pinté toda mi habitación con una sola carga. La batería es impresionante compared with otras marcas.;4;2026-07-15 13:10:00 UTC;Isabel Moreno;isabel.moreno@example.com;7985212129323;paintpro;;https://cdn.shopify.com/s/files/1/0696/9511/1211/files/A512164ee85e0444da4ea818b2a3a17769_jpg_960x960q75_jpg.avif?v=1784822738
Fácil de limpiar;Me preocupaba la limpieza, pero es muy sencillo desmontar y limpiar. Un punto a favor.;5;2026-07-14 10:30:00 UTC;Javier Ruiz;javier.ruiz@example.com;7985212129323;paintpro;;https://cdn.shopify.com/s/files/1/0696/9511/1211/files/Abde1b65e84ec4ae29738df51df72a3ddI_jpg_960x960q75_jpg.avif?v=1784822739
Acabado impecable;No se ven rayas ni imperfecciones. El resultado es uniforme y profesional. Estoy encantada.;5;2026-07-13 15:45:00 UTC;Carmen López;carmen.lopez@example.com;7985212129323;paintpro;;https://cdn.shopify.com/s/files/1/0696/9511/1211/files/Af882aa3b9ece4e40adbdb720e4a081d6R_jpg_960x960q75_jpg.avif?v=1784822738
La recomiendo al 100%;Es la mejor inversión que he hecho para mi hogar. PaintPro vale cada céntimo.;5;2026-07-12 12:00:00 UTC;Miguel Ángel Torres;miguel.torres@example.com;7985212129323;paintpro;;https://cdn.shopify.com/s/files/1/0696/9511/1211/files/A9e7b4e8a6d7f417f855b8d159c0ebf47I_jpg_960x960q75_jpg.avif?v=1784822738
Muy fácil de usar;No necesitas ser experto. Es muy intuitiva y el resultado es espectacular.;5;2026-07-11 09:15:00 UTC;Rocío Díaz;rocio.diaz@example.com;7985212129323;paintpro;;https://cdn.shopify.com/s/files/1/0696/9511/1211/files/A4ce0f9dd9ac442fda04f63732e05059c6_jpg_960x960q75_jpg.avif?v=1784822738
Pinta rápido y bien;En menos de una hora pinté mi salón completo. La velocidad de trabajo es fantástica.;5;2026-07-10 14:00:00 UTC;Fernando García;fernando.garcia@example.com;7985212129323;paintpro;;https://cdn.shopify.com/s/files/1/0696/9511/1211/files/A5829e2e4f08b47eb912607886441bb15e_jpg_960x960q75_jpg.avif?v=1784822738
Diseño ergonómico;Es ligera y cómoda de manejar. No se cansa la mano aunque pintes horas.;5;2026-07-09 11:30:00 UTC;Lucía Hernández;lucia.hernandez@example.com;7985212129323;paintpro;;https://cdn.shopify.com/s/files/1/0696/9511/1211/files/Ae6adb40424dd47628920904610fd3d57W_jpg_960x960q75_jpg.avif?v=1784822738
Sin salpicaduras;El sistema de protección funciona perfecto. Las paredes y el suelo quedan limpios.;5;2026-07-08 16:45:00 UTC;Alejandro Muñoz;alejandro.munoz@example.com;7985212129323;paintpro;;https://cdn.shopify.com/s/files/1/0696/9511/1211/files/Abaa62f54e60f4130b9810fc5e924748cI_jpg_960x960q75_jpg.avif?v=1784822738
Potente y silenciosa;Tiene mucha potencia pero hace poco ruido. Perfecta para usar en casa sin molestar.;5;2026-07-07 10:00:00 UTC;Sandra Jiménez;sandra.jimenez@example.com;7985212129323;paintpro;;https://cdn.shopify.com/s/files/1/0696/9511/1211/files/A29ad278e6f49474c81cc6723ef1e24fbc_jpg_960x960q75_jpg.avif?v=1784822738
Repetiría sin dudarlo;Si tuviera que comprar otra pistola, elegiría PaintPro otra vez. Es perfecta.;5;2026-07-06 13:15:00 UTC;Roberto Blanco;roberto.blanco@example.com;7985212129323;paintpro;;
Envío rápido y bien embalado;El paquete llegó en perfecto estado y antes de lo esperado. Todo correcto.;5;2026-07-05 09:30:00 UTC;Elena Vargas;elena.vargas@example.com;7985212129323;paintpro;;
La uso cada fin de semana;Desde que la tengo, siempre estoy pintando algo. Es adictiva y los resultados son geniales.;5;2026-07-04 11:45:00 UTC;Daniel Moreno;daniel.moreno@example.com;7985212129323;paintpro;;
Mi husband se sorprendió;Le regalé esta pistola a mi marido y ahora no para de pintar la casa. Le encanta.;5;2026-07-03 14:00:00 UTC;Patricia Castro;patricia.castro@example.com;7985212129323;paintpro;;
Pinté mi garaje entero;Era un proyecto que llevaba tiempo postergando. Con PaintPro fue fácil y rápido.;5;2026-07-02 10:15:00 UTC;Andrés Gutiérrez;andres.gutierrez@example.com;7985212129323;paintpro;;
Excelente relación calidad-precio;No encontré nada mejor en este rango de precios. Calidad de marcas caras.;5;2026-07-01 16:30:00 UTC;Marta Romero;marta.romero@example.com;7985212129323;paintpro;;
Funciona con todo tipo de pintura;La he usado con pintura acrílica, látex y esmalte. Funciona perfectamente con todas.;4;2026-06-30 12:00:00 UTC;Pablo Navarro;pablo.navarro@example.com;7985212129323;paintpro;;
Muy recomendable;Toda mi familia la ha probado y todos quieren una. Es el regalo perfecto.;5;2026-06-29 09:45:00 UTC;Cristina Torres;cristina.torres@example.com;7985212129323;paintpro;;
Ahorré dinero en pintor;En vez de pagar a un profesional, lo hice yo mismo con PaintPro. Ahorré más de 500 euros.;5;2026-06-28 14:15:00 UTC;Óscar Pérez;oscar.perez@example.com;7985212129323;paintpro;;
El spray es muy uniforme;La distribución de pintura es homogénea. No queda ni una gota de más.;5;2026-06-27 11:00:00 UTC;Teresa Sánchez;teresa.sanchez@example.com;7985212129323;paintpro;;
Perfecta para muebles;La uso para renovar muebles viejos. El acabado queda como nuevo.;5;2026-06-26 16:45:00 UTC;Víctor Herrera;victor.herrera@example.com;7985212129323;paintpro;;
Batería recargable práctica;No necesitas comprar pilas. La cargas y listo. Muy cómoda.;4;2026-06-25 10:30:00 UTC;Nuria Peña;nuria.pena@example.com;7985212129323;paintpro;;
La compré en oferta;Aproveché una promoción y fue la mejor compra. Calidad premium a buen precio.;5;2026-06-24 13:00:00 UTC;Sergio Ramos;sergio.ramos@example.com;7985212129323;paintpro;;
Pinté mi terraza completa;El exterior quedó espectacular. La pintura se adhiere perfectamente.;5;2026-06-23 15:15:00 UTC;Almudena Gil;almudena.gil@example.com;7985212129323;paintpro;;
Sin cansancio en la mano;Pinté durante 3 horas seguidas y no me dolió la mano. Es muy ligera.;5;2026-06-22 09:00:00 UTC;Rubén Díaz;ruben.diaz@example.com;7985212129323;paintpro;;
El regulador de caudal es genial;Puedes controlar cuánta pintura sale. Ideal para trabajos detallados.;5;2026-06-21 11:30:00 UTC;Victoria López;victoria.lopez@example.com;7985212129323;paintpro;;
La recomiendo a todos mis amigos;Cada vez que alguien viene a casa, me pregunta por la pintura. Les cuento de PaintPro.;5;2026-06-20 14:45:00 UTC;Iván Martín;ivan.martin@example.com;7985212129323;paintpro;;
Renové mi cocina;Las paredes de la cocina quedaron como nuevas. La grasa y el vapor no fueron problema.;5;2026-06-19 10:15:00 UTC;Raquel Alonso;raquel.alonso@example.com;7985212129323;paintpro;;
Muy práctica para interiores;La uso en todas las habitaciones. Es silenciosa y limpia.;4;2026-06-18 16:00:00 UTC;Hugo Sánchez;hugo.sanchez@example.com;7985212129323;paintpro;;
El envase de pintura es amplio;No tienes que estar recargando constantemente. El depósito es generoso.;5;2026-06-17 12:30:00 UTC;Clara Navarro;clara.navarro@example.com;7985212129323;paintpro;;
La mejor del mercado;He probado otras marcas y ninguna se compara con PaintPro. Es superior en todo.;5;2026-06-16 09:45:00 UTC;Marcos García;marcos.garcia@example.com;7985212129323;paintpro;;
Ahora me dedico a pintar muebles;Con PaintPro empecé un negocio de renovación de muebles. Es mi herramienta principal.;5;2026-06-15 14:00:00 UTC;Paula Ruiz;paula.ruiz@example.com;7985212129323;paintpro;;
Llegó antes de tiempo;El envío fue rapidísimo. En 2 días la tenía en casa. Excelente servicio.;5;2026-06-14 11:15:00 UTC;Jorge Alonso;jorge.alonso@example.com;7985212129323;paintpro;;
La uso para mi taller;En mi taller de carpintería, PaintPro es indispensable. Acabados perfectos.;5;2026-06-13 16:30:00 UTC;Marina Díaz;marina.diaz@example.com;7985212129323;paintpro;;
Pinté el techo sin esfuerzo;Lo que más me gustó es que puedo pintar techos sin dolor de cuello. La pistola hace el trabajo.;5;2026-06-12 10:00:00 UTC;Adrián López;adrian.lopez@example.com;7985212129323;paintpro;;
Muy intuitiva;La primera vez que la usé, salió perfecta. No necesitas manual largo.;5;2026-06-11 13:45:00 UTC;Eva Martínez;eva.martinez@example.com;7985212129323;paintpro;;
La compré para mi madre;Mi madre quería pintar su casa y esta pistola se lo facilitó mucho. Estoy agradecido.;5;2026-06-10 09:30:00 UTC;Raúl Fernández;raul.fernandez@example.com;7985212129323;paintpro;;
Sin manchas en el suelo;El sistema de rociado es tan preciso que no cae ni una gota en el suelo.;5;2026-06-09 15:15:00 UTC;Nerea Vargas;nerea.vargas@example.com;7985212129323;paintpro;;
Excelente para paredes lisas;En superficies lisas queda perfecta. El acabado es sedoso al tacto.;5;2026-06-08 11:00:00 UTC;Gabriel Moreno;gabriel.moreno@example.com;7985212129323;paintpro;;
La uso en mi piso de alquiler;Cuando me voy de un piso, lo pintó con PaintPro y queda perfecto para devolverlo.;4;2026-06-07 14:30:00 UTC;Lucas Sánchez;lucas.sanchez@example.com;7985212129323;paintpro;;
Renové mi jardín;Las macetas, las bancas y la cerca quedaron como nuevas. PaintPro es versátil.;5;2026-06-06 10:45:00 UTC;Sofía Martínez;sofia.martinez@example.com;7985212129323;paintpro;;
Pinté mi oficina en casa;El home office quedó profesional. Mis clientes en videoconferencia lo notan.;5;2026-06-05 16:15:00 UTC;David Herrera;david.herrera@example.com;7985212129323;paintpro;;
La regalé por Navidad;Fue el mejor regalo de Reyes. Mi padre no para de usarla.;5;2026-06-04 12:00:00 UTC;Ainhoa Pérez;ainhoa.perez@example.com;7985212129323;paintpro;;
Sin vibración;A diferencia de otras pistolas, esta no vibra. Es muy estable en la mano.;5;2026-06-03 09:15:00 UTC;Iker Martínez;iker.martinez@example.com;7985212129323;paintpro;;
La uso para decorar fiestas;Pinto decoraciones para cumpleaños y eventos. PaintPro me ahorra horas de trabajo.;5;2026-06-02 14:45:00 UTC;Leire García;leire.garcia@example.com;7985212129323;paintpro;;
Muy fácil de transportar;Es ligera y compacta. La llevo a cualquier lugar sin problemas.;4;2026-06-01 11:30:00 UTC;Mikel Sánchez;mikel.sanchez@example.com;7985212129323;paintpro;;
Pinté mi escalera de vecinos;Todos los vecinos quedaron encantados con el resultado. PaintPro es muy profesional.;5;2026-05-31 16:00:00 UTC;Ane Ruiz;ane.ruiz@example.com;7985212129323;paintpro;;
La mejor herramienta de bricolaje;Tengo muchas herramientas, pero PaintPro es la que más uso. Es fundamental.;5;2026-05-30 10:15:00 UTC;Gorka Fernández;gorka.fernandez@example.com;7985212129323;paintpro;;
Renové mi gimnasio casero;Las paredes del gimnasio quedaron motivadoras. El color uniforme es perfecto.;5;2026-05-29 13:30:00 UTC;Begoña López;begoña.lopez@example.com;7985212129323;paintpro;;
Sin olor a pintura;La pintura se seca rápido y no huele. Ideal para familias con niños.;5;2026-05-28 09:45:00 UTC;Unai Martín;unai.martin@example.com;7985212129323;paintpro;;
Pinté mi garaje y trastero;Dos espacios en un fin de semana. PaintPro hace el trabajo rápido y bien.;5;2026-05-27 15:00:00 UTC;Nerea Alonso;nerea.alonso@example.com;7985212129323;paintpro;;
La recomiendo para principiantes;Si nunca has pintado, esta pistola te facilita todo. Es para novatos y expertos.;5;2026-05-26 11:45:00 UTC;Iñaki García;iñaki.garcia@example.com;7985212129323;paintpro;;
Muy buena compra;La compré dudando, pero ahora sé que fue la mejor decisión. PaintPro es top.;5;2026-05-25 14:15:00 UTC;Maite Sánchez;maite.sanchez@example.com;7985212129323;paintpro;;
La uso para colorear madera;En proyectos de madera, el acabado con PaintPro es incomparable. Super profresional.;5;2026-05-24 10:00:00 UTC;Oier Ruiz;oier.ruiz@example.com;7985212129323;paintpro;;
Pinté mi local comercial;El local quedó moderno y acogedor. Los clientes notan la diferencia.;5;2026-05-23 16:30:00 UTC;Edurne Martínez;edurne.martinez@example.com;7985212129323;paintpro;;
Sin gastos extra de pintor;PaintPro me ahorró más de 800 euros en profesional. La inversión se recupera rápido.;5;2026-05-22 12:45:00 UTC;Arkaitz Herrera;arkaitz.herrera@example.com;7985212129323;paintpro;;
La mejor del mercado español;He comparado con otras marcas españolas y PaintPro es la ganadora.;5;2026-05-21 09:30:00 UTC;Edurne López;edurne.lopez@example.com;7985212129323;paintpro;;
Pinté mi habitación de bebé;El cuarto quedó precioso y seguro. La pintura es ecológica y la pistola precisa.;5;2026-05-20 14:00:00 UTC;Jon Ander Pérez;jon.perez@example.com;7985212129323;paintpro;;
Muy silenciosa;Se puede usar a cualquier hora sin molestar a los vecinos. El motor es muy silencioso.;5;2026-05-19 11:15:00 UTC;Ainhoa Martínez;ainhoa.martinez@example.com;7985212129323;paintpro;;
La compré para renovar muebles antiguos;Tengo muebles de mis abuelos y con PaintPro les he dado una segunda vida.;5;2026-05-18 16:45:00 UTC;Gorka Sánchez;gorka.sanchez@example.com;7985212129323;paintpro;;
Pinté mi piso entero;3 habitaciones, salón, cocina y baño. Todo con PaintPro. Resultado espectacular.;5;2026-05-17 10:30:00 UTC;Miren García;miren.garcia@example.com;7985212129323;paintpro;;
Sin esfuerzo físico;Lo que antes me tomaba días, ahora lo hago en horas. PaintPro es revolucionaria.;5;2026-05-16 13:00:00 UTC;Aitor Ruiz;aitor.ruiz@example.com;7985212129323;paintpro;;
La regalé a mi hijo;Mi hijo se compró su primer piso y PaintPro le facilitó la mudanza. Estoy orgulloso.;5;2026-05-15 09:45:00 UTC;Laia Fernández;laia.fernandez@example.com;7985212129323;paintpro;;
Renové mi barbería;El local quedó con un estilo moderno. PaintPro me dio el acabado que buscaba.;5;2026-05-14 15:30:00 UTC;Eneko Martín;eneko.martin@example.com;7985212129323;paintpro;;
Muy versátil;La he usado en metal, madera, paredes y plástico. Funciona en todas las superficies.;5;2026-05-13 11:00:00 UTC;Maialen López;maialen.lopez@example.com;7985212129323;paintpro;;
Pinté mi terraza de invierno;La terraza cerrada quedó como una habitación más. PaintPro la transformó.;5;2026-05-12 14:15:00 UTC;Unai Alonso;unai.alonso@example.com;7985212129323;paintpro;;
Sin problemas de atascos;La boquilla no se atasca nunca. El flujo de pintura es continuo y uniforme.;5;2026-05-11 10:00:00 UTC;Leire Martínez;leire.martinez@example.com;7985212129323;paintpro;;
La mejor herramienta para reformas;En todas mis reformas uso PaintPro. Es fiable y duradera.;5;2026-05-10 16:15:00 UTC;Jon Etxeberria;jon.etxeberria@example.com;7985212129323;paintpro;;
Pinté mi local de hostelería;El restaurante quedó elegante. PaintPro dio un toque profesional al ambiente.;5;2026-05-09 12:30:00 UTC;Nerea Sánchez;nerea.sanchez@example.com;7985212129323;paintpro;;
Muy recomendable para comunidades;En nuestra comunidad de vecinos, varios vecinos compraron PaintPro. Todos satisfechos.;5;2026-05-08 09:15:00 UTC;Mikel Alonso;mikel.alonso@example.com;7985212129323;paintpro;;
La uso todos los veranos;Cada verano renuevo una habitación. PaintPro hace que sea fácil y rápido.;4;2026-05-07 14:45:00 UTC;Ane Martínez;ane.martinez@example.com;7985212129323;paintpro;;
Pinté mi tienda online;El almacén y la oficina quedaron profesionales. PaintPro es esencial en mi negocio.;5;2026-05-06 11:30:00 UTC;Arkaitz López;arkaitz.lopez@example.com;7985212129323;paintpro;;
Sin fatiga visual;La pistola no genera salpicaduras ni niebla. Trabajas cómodo y sin cansarte.;5;2026-05-05 16:00:00 UTC;Maialen Ruiz;maialen.ruiz@example.com;7985212129323;paintpro;;
La compré para mi padre;Mi padre quería pintar la casita del pueblo. PaintPro se lo puso fácil.;5;2026-05-04 10:45:00 UTC;Eneko Sánchez;eneko.sanchez@example.com;7985212129323;paintpro;;
Renové mi estudio;El cuarto de trabajo quedó motivador. El color uniforme inspira productividad.;5;2026-05-03 13:15:00 UTC;Miren López;miren.lopez@example.com;7985212129323;paintpro;;
Pinté mi cochera completa;El garaje de 2 coches quedó impecable. PaintPro cubrió todo perfectamente.;5;2026-05-02 09:00:00 UTC;Aitor Alonso;aitor.alonso@example.com;7985212129323;paintpro;;
La mejor del mercado europeo;He viajado por Europa y PaintPro es la mejor pistola que he probado.;5;2026-05-01 15:30:00 UTC;Laia Martínez;laia.martinez@example.com;7985212129323;paintpro;;
Pinté mi huerto vertical;Los maceteros y la estructura quedaron preciosos. PaintPro da vida a los espacios.;5;2026-04-30 11:00:00 UTC;Jon García;jon.garcia@example.com;7985212129323;paintpro;;
Sinergia perfecta con eco-pintura;La uso con pinturas ecológicas y el resultado es igual de bueno. PaintPro es compatible.;5;2026-04-29 14:30:00 UTC;Maialen Martínez;maialen.martinez@example.com;7985212129323;paintpro;;
La regalé por cumpleaños;Mi amigo cumplió 40 y le regalé PaintPro. Ahora no para de projects.;5;2026-04-28 10:15:00 UTC;Eneko Ruiz;eneko.ruiz@example.com;7985212129323;paintpro;;
Pinté mi escalera de caracol;Una superficie complicada que PaintPro manejó a la perfección. Resultado genial.;5;2026-04-27 16:45:00 UTC;Miren Sánchez;miren.sanchez@example.com;7985212129323;paintpro;;
Muy económica en consumo;La batería dura mucho y gasta poca energía. Es eficiente y respetuosa con el medio.;5;2026-04-26 12:00:00 UTC;Aitor Herrera;aitor.herrera@example.com;7985212129323;paintpro;;
Pinté mi gimnasio comunitario;El gimnasio de la comunidad quedó renovado. PaintPro hizo el trabajo en un fin de semana.;5;2026-04-25 09:30:00 UTC;Laia Alonso;laia.alonso@example.com;7985212129323;paintpro;;
Sin manchas en el techo;Lo que más me impresionó es la precisión. No cae ni una gota donde no debe.;5;2026-04-24 15:00:00 UTC;Jon Martínez;jon.martinez@example.com;7985212129323;paintpro;;
La mejor para proyectos DIY;Si te gusta el bricolaje, PaintPro es tu herramienta imprescindible.;5;2026-04-23 11:45:00 UTC;Maialen López;maialen.lopez@example.com;7985212129323;paintpro;;
Pinté mi barbacoa exterior;La barbacoa de piedra quedó como nueva. PaintPro resiste el exterior perfectamente.;5;2026-04-22 14:15:00 UTC;Eneko García;eneko.garcia@example.com;7985212129323;paintpro;;
